10002,九里新苑店,正常,01,冷冻,0101,冰激凌,010101,冰果类冰淇淋,罗遮,罗遮,2010088,D系统用代表商品,201008801,001,冷冻,非新品,当日可订,新品,自营商品,2020-01-17,0.01,0.01,0.00,0.01,0,1,个,0.000,1.000,-,-,-,-,999.0,0,-,普通,新品,不可订不可进不可退不可销,-,-,-,-,0.000,0.00,0.00,0.000,100.00%,门店可订,门店可收,门店可退,门店可销售,0.00,0.01,0.00,非促销品,D,D,D,D,0.000,0.000,0.00,-,-,-,-,-,-,100.00%
10002,九里新苑店,正常,01,冷冻,0101,冰激凌,010101,冰果类冰淇淋,罗遮,罗遮,2901341,C-蒙牛老冰棒70g,6923644284688,001,冷冻,非新品,当日可订,新品,自营商品,2020-03-19,0.01,1.00,0.52,0.01,0,70,支,50.000,50.000,A,B,A,B,550.0,安徽马鞍山,-,普通,新品,正常,2020-03-20,2026-05-23,2020-03-20,2026-04-14,0.000,0.00,47.00,24.440,48.00%,门店可订,门店可收,门店可退,门店可销售,0.01,1.00,0.00,非促销品,A,B,A,B,2.286,10.000,5.20,-,-,2020-03-20,2020-03-20,2026-04-13,2026-05-16,99.00%
10002,九里新苑店,正常,01,冷冻,0101,冰激凌,010101,冰果类冰淇淋,罗遮,罗遮,2901582,旺旺碎冰冰草莓味78ml,6922939231062,001,冷冻,非新品,当日可订,新品,自营商品,2020-03-28,0.01,1.00,0.66,0.01,0,1,根,80.000,80.000,-,-,-,-,365.0,江苏,-,普通,新品,正常,2020-04-05,2026-04-08,2020-03-29,2025-07-22,0.000,0.00,0.00,0.000,34.00%,门店可订,门店可收,门店可退,门店可销售,0.01,0.90,0.00,非促销品,D,D,D,D,0.000,0.000,0.00,-,-,2020-06-08,2020-06-08,2025-07-09,2025-09-30,98.89%
10002,九里新苑店,正常,01,冷冻,0101,冰激凌,010101,冰果类冰淇淋,罗遮,罗遮,2901583,旺旺碎冰冰乳酸味78ml,6922939231833,001,冷冻,非新品,当日可订,新品,自营商品,2020-03-28,0.01,1.00,0.66,0.01,0,1,根,80.000,80.000,C,C,C,C,365.0,江苏,-,普通,新品,正常,2020-04-02,2026-04-28,2020-03-29,2025-07-29,0.000,0.00,64.00,42.240,34.00%,门店可订,门店可收,门店可退,门店可销售,0.01,0.90,0.00,非促销品,D,D,D,D,0.000,-1.000,-0.66,-,-,2020-06-08,2020-06-08,2025-07-09,2026-04-05,98.89%
10002,九里新苑店,正常,01,冷冻,0101,冰激凌,010101,冰果类冰淇淋,罗遮,罗遮,2901584,旺旺碎碎冰综合口味,6922939231819,005,日用百货,非新品,当日可订,新品,自营商品,2020-03-28,0.01,1.00,0.70,0.01,0,1,根,1.000,1.000,-,-,-,-,365.0,江苏,-,普通,新品,正常,2020-04-02,2021-05-05,2020-03-29,2020-07-30,0.000,0.00,0.00,0.000,30.00%,门店可订,门店可收,门店可退,门店可销售,0.01,1.00,0.00,非促销品,D,D,D,D,0.000,0.000,0.00,-,-,2020-06-08,2020-06-10,2020-07-30,2021-05-05,99.00%
10002,九里新苑店,正常,01,冷冻,0101,冰激凌,010101,冰果类冰淇淋,罗遮,罗遮,2902062,旺旺碎冰冰菠萝味78ml,6922939231178,008,休闲食品,非新品,当日可订,新品,自营商品,2020-04-19,0.01,1.00,0.70,0.01,0,78ml,支,1.000,1.000,-,-,-,-,360.0,上海,-,普通,新品,正常,2020-04-24,2021-04-27,2020-04-19,2020-07-30,0.000,0.00,0.00,0.000,30.00%,门店可订,门店可收,门店可退,门店可销售,0.01,1.00,0.00,非促销品,D,D,D,D,0.000,0.000,0.00,-,-,2020-07-24,2020-07-24,2020-07-30,2021-04-27,99.00%
10002,九里新苑店,正常,01,冷冻,0101,冰激凌,010101,冰果类冰淇淋,罗遮,罗遮,2902063,旺旺碎冰冰香橙味78ml,6922939231161,008,休闲食品,非新品,当日可订,新品,自营商品,2020-04-19,0.01,1.00,0.66,0.01,0,78ml,支,80.000,80.000,-,-,-,-,360.0,上海,-,普通,新品,正常,2020-04-20,2022-11-27,2020-04-19,2023-07-06,0.000,0.00,0.00,0.000,34.00%,门店可订,门店可收,门店可退,门店可销售,0.01,0.90,0.00,非促销品,D,D,D,D,0.000,0.000,0.00,-,-,2020-06-08,2020-06-08,2023-05-11,2022-08-12,98.89%
10002,九里新苑店,正常,01,冷冻,0101,冰激凌,010101,冰果类冰淇淋,罗遮,罗遮,2902064,旺旺碎冰冰柠檬味78ml,6922939231154,008,休闲食品,非新品,当日可订,新品,自营商品,2020-04-19,0.01,1.00,0.70,0.01,0,78ml,支,1.000,1.000,-,-,-,-,360.0,上海,-,普通,新品,正常,2020-04-19,2020-09-17,2020-04-19,2020-07-30,0.000,0.00,0.00,0.000,30.00%,门店可订,门店可收,门店可退,门店可销售,0.01,1.00,0.00,非促销品,D,D,D,D,0.000,0.000,0.00,-,-,2020-06-08,2020-06-10,2020-07-30,2020-09-17,99.00%
10002,九里新苑店,正常,01,冷冻,0101,冰激凌,010101,冰果类冰淇淋,罗遮,罗遮,2902245,冰+蓝莓酸奶口味雪泥,6923644275204,001,冷冻,非新品,当日可订,新品,自营商品,2020-05-05,0.01,1.50,0.70,0.01,0,70g,包,1.000,1.000,-,-,-,-,180.0,江苏,-,普通,新品,正常,2020-05-05,2020-08-21,2020-05-05,2020-08-14,0.000,0.00,0.00,0.000,53.33%,门店可订,门店可收,门店可退,门店可销售,0.01,1.50,0.00,非促销品,D,D,D,D,0.000,0.000,0.00,-,-,-,-,-,-,99.33%
10002,九里新苑店,正常,01,冷冻,0101,冰激凌,010101,冰果类冰淇淋,罗遮,罗遮,2902326,天琪方糕绿豆雪糕68g,6932006220059,001,冷冻,非新品,当日可订,新品,自营商品,2020-05-20,0.01,3.00,2.00,0.01,0,68g,支,1.000,1.000,-,-,-,-,365.0,江苏,-,普通,新品,正常,2020-05-20,2020-09-06,2020-05-20,2020-06-09,0.000,0.00,0.00,0.000,33.33%,门店可订,门店可收,门店可退,门店可销售,0.01,3.00,0.00,非促销品,D,D,D,D,0.000,0.000,0.00,-,-,2020-05-20,-,2020-06-09,-,99.67%
10002,九里新苑店,正常,01,冷冻,0101,冰激凌,010101,冰果类冰淇淋,罗遮,罗遮,2902454,蒙牛四果奇冰棒冰92g,6923644285630,001,冷冻,非新品,当日可订,新品,自营商品,2020-06-07,0.01,2.00,1.27,0.01,0,92g,包,1.000,1.000,-,-,-,-,365.0,江苏,-,普通,新品,正常,2020-06-07,2020-08-26,2020-06-07,2020-06-25,0.000,0.00,0.00,0.000,36.67%,门店可订,门店可收,门店可退,门店可销售,0.01,2.00,0.00,非促销品,D,D,D,D,0.000,0.000,0.00,-,-,2020-06-17,2020-06-18,2020-06-17,2020-08-26,99.50%
10002,九里新苑店,正常,01,冷冻,0101,冰激凌,010101,冰果类冰淇淋,罗遮,罗遮,2902455,天泉豆排4支装125g,6939127400933,001,冷冻,非新品,当日可订,新品,自营商品,2020-06-07,0.01,1.00,0.65,0.01,0,125g,包,1.000,1.000,-,-,-,-,365.0,江苏,-,普通,新品,正常,2020-06-07,2020-08-28,2020-06-07,2020-08-14,0.000,0.00,0.00,0.000,35.00%,门店可订,门店可收,门店可退,门店可销售,0.01,1.00,0.00,非促销品,D,D,D,D,0.000,0.000,0.00,-,-,-,-,-,-,99.00%
10002,九里新苑店,正常,01,冷冻,0101,冰激凌,010101,冰果类冰淇淋,罗遮,罗遮,2902658,蒙牛冰+山楂70g,6923644284244,001,冷冻,非新品,当日可订,新品,自营商品,2020-07-16,0.01,1.50,0.70,0.01,0,70g,支,1.000,1.000,-,-,-,-,365.0,江苏,-,普通,新品,正常,2020-07-16,2020-09-13,2020-07-16,2020-08-14,0.000,0.00,0.00,0.000,53.33%,门店可订,门店可收,门店可退,门店可销售,0.01,1.50,0.00,非促销品,D,D,D,D,0.000,0.000,0.00,-,-,2020-07-31,2020-08-03,2020-07-31,2020-09-13,99.33%
10002,九里新苑店,正常,01,冷冻,0101,冰激凌,010101,冰果类冰淇淋,罗遮,罗遮,2904747,test蒙牛老冰棒70g,6923644284688,001,冷冻,非新品,当日可订,新品,自营商品,2021-03-25,0.60,1.00,0.60,0.60,0,70,支,1.000,1.000,-,-,-,-,550.0,内蒙古,-,普通,新品,正常,-,-,-,-,0.000,0.00,0.00,0.000,40.00%,门店可订,门店可收,门店可退,门店可销售,0.60,1.00,0.00,非促销品,D,D,D,D,0.000,0.000,0.00,-,-,-,-,-,-,40.00%
10002,九里新苑店,正常,01,冷冻,0101,冰激凌,010101,冰果类冰淇淋,罗遮,罗遮,2904791,test蒙牛冰+蓝莓酸奶口味棒冰70g,6923644275204,001,冷冻,非新品,当日可订,新品,自营商品,2021-04-07,0.60,1.50,0.60,0.60,0,70g,包,1.000,1.000,-,-,-,-,30.0,本地,-,普通,新品,正常,-,-,2021-06-09,2021-06-09,0.000,0.00,0.00,0.000,60.00%,门店可订,门店可收,门店可退,门店可销售,0.60,1.50,0.00,非促销品,D,D,D,D,0.000,0.000,0.00,-,-,-,-,-,-,60.00%
10002,九里新苑店,正常,01,冷冻,0101,冰激凌,010101,冰果类冰淇淋,罗遮,罗遮,2904792,test天琪方糕绿豆雪糕68g,6932006220059,001,冷冻,非新品,当日可订,新品,自营商品,2021-04-07,0.60,3.00,0.60,0.60,天琪,68g,支,1.000,1.000,-,-,-,-,30.0,本地,-,普通,新品,正常,-,-,2021-06-09,2022-08-15,0.000,0.00,0.00,0.000,80.00%,门店可订,门店可收,门店可退,门店可销售,0.60,3.00,0.00,非促销品,D,D,D,D,0.000,0.000,0.00,-,-,-,-,-,-,80.00%
10002,九里新苑店,正常,01,冷冻,0101,冰激凌,010101,冰果类冰淇淋,罗遮,罗遮,2904801,大桥道葡萄冰80g,6954065405642,001,冷冻,非新品,当日可订,新品,自营商品,2021-04-14,4.13,6.50,4.13,4.13,0,80ml,包,1.000,20.000,-,-,-,-,540.0,天津,-,普通,新品,正常,2021-04-14,2024-01-20,2021-04-14,2023-07-29,0.000,0.00,0.00,0.000,36.46%,门店可订,门店可收,门店可退,门店可销售,4.13,6.50,0.00,非促销品,D,D,D,D,0.000,0.000,0.00,-,-,2021-05-12,2021-05-12,2023-03-24,2023-06-28,36.46%
10002,九里新苑店,正常,01,冷冻,0101,冰激凌,010101,冰果类冰淇淋,罗遮,罗遮,2904802,大桥道杨梅冰80g,6954065407578,001,冷冻,非新品,当日可订,新品,自营商品,2021-04-14,4.13,6.50,4.50,4.13,0,80g,包,20.000,20.000,-,-,-,-,540.0,天津,-,普通,新品,正常,2021-06-11,2023-09-22,2021-06-08,2023-06-06,0.000,0.00,0.00,0.000,30.77%,门店可订,门店可收,门店可退,门店可销售,4.13,6.50,0.00,非促销品,D,D,D,D,0.000,0.000,0.00,-,-,2021-07-20,2021-07-22,2023-03-11,2023-09-22,36.46%
10002,九里新苑店,正常,01,冷冻,0101,冰激凌,010101,冰果类冰淇淋,罗遮,罗遮,2905630,旺旺碎碎冰柑桔味78ml,6925861531163,008,休闲食品,非新品,当日可订,新品,自营商品,2022-06-23,0.66,0.80,0.66,0.66,0,78ml,支,80.000,1.000,-,-,-,-,365.0,浙江,-,普通,新品,正常,2022-06-23,2024-05-20,2022-06-23,2023-07-08,0.000,0.00,0.00,0.000,17.50%,门店可订,门店可收,门店可退,门店可销售,0.66,0.90,0.00,非促销品,D,D,D,D,0.000,0.000,0.00,-,-,2022-06-28,2022-07-19,2022-07-26,2023-06-09,26.67%
10002,九里新苑店,正常,01,冷冻,0101,冰激凌,010101,冰果类冰淇淋,罗遮,罗遮,2905672,宏宝水晶莱葡萄冰88g,6920858268176,001,冷冻,非新品,当日可订,新品,自营商品,2022-07-28,3.20,3.90,2.13,3.20,0,88g,袋,30.000,30.000,D,D,D,D,720.0,江苏,-,普通,新品,正常,2022-07-31,2026-01-01,2022-08-01,2025-08-08,0.000,0.00,31.00,66.179,45.38%,门店可订,门店可收,门店可退,门店可销售,3.20,3.90,0.00,非促销品,D,D,D,D,0.000,0.000,0.00,-,-,2022-08-02,2022-08-02,2025-07-19,2025-10-07,17.95%
10002,九里新苑店,正常,01,冷冻,0101,冰激凌,010101,冰果类冰淇淋,罗遮,罗遮,2905673,宏宝莱杨梅冰88g,6920858268497,001,冷冻,非新品,当日可订,新品,自营商品,2022-07-28,3.20,3.90,3.20,3.20,0,88g,袋,1.000,30.000,-,-,-,-,720.0,江苏,-,普通,新品,正常,2022-07-31,2025-04-05,2022-08-01,2024-05-17,0.000,0.00,-9.00,-19.440,17.95%,门店可订,门店可收,门店可退,门店可销售,3.20,3.90,0.00,非促销品,D,D,D,D,0.000,0.000,0.00,-,-,2022-08-02,2022-08-02,2024-05-17,2024-06-08,17.95%
10002,九里新苑店,正常,01,冷冻,0101,冰激凌,010101,冰果类冰淇淋,罗遮,罗遮,2906400,和路雪绿舌头54g,6909493800453,001,冷冻,非新品,当日可订,新品,自营商品,2023-03-04,1.31,1.80,1.44,1.31,0,1,袋,36.000,36.000,-,-,-,-,730.0,安徽,-,普通,新品,正常,2023-03-05,2024-07-03,2023-03-07,2023-07-12,0.000,0.00,-1.00,-1.310,20.00%,门店可订,门店可收,门店可退,门店可销售,1.31,2.00,0.00,非促销品,D,D,D,D,0.000,0.000,0.00,-,-,2023-05-20,2023-05-20,2023-07-10,2023-09-03,34.50%
10002,九里新苑店,正常,01,冷冻,0101,冰激凌,010101,冰果类冰淇淋,罗遮,罗遮,2906624,蒙牛冰+雪泥芒果口味75g,290662401,001,冷冻,非新品,当日可订,新品,自营商品,2023-03-25,1.20,1.80,1.20,1.20,0,75g,支,40.000,40.000,-,-,-,-,540.0,安徽,-,普通,新品,正常,2023-03-25,2023-05-25,2023-03-25,2023-03-25,0.000,0.00,0.00,0.000,33.33%,门店可订,门店可收,门店可退,门店可销售,1.20,1.80,0.00,非促销品,D,D,D,D,0.000,0.000,0.00,-,-,-,-,-,-,33.33%
10002,九里新苑店,正常,01,冷冻,0101,冰激凌,010101,冰果类冰淇淋,罗遮,罗遮,2906625,新松北山楂味冰棍70g,6970743421292,001,冷冻,非新品,当日可订,新品,自营商品,2023-03-25,1.18,1.90,1.18,1.18,0,70g,支,40.000,40.000,-,-,-,-,540.0,河南,-,普通,新品,正常,2023-03-31,2023-06-08,2023-03-25,2023-03-25,0.000,0.00,0.00,0.000,37.89%,门店可订,门店可收,门店可退,门店可销售,1.18,1.90,0.00,非促销品,D,D,D,D,0.000,0.000,0.00,-,-,-,-,-,-,37.89%
10002,九里新苑店,正常,01,冷冻,0101,冰激凌,010101,冰果类冰淇淋,罗遮,罗遮,2906711,雀巢红绿灯雪糕75g,6918551814882,001,冷冻,非新品,当日可订,新品,自营商品,2023-04-20,1.95,2.90,1.95,1.95,0,75g,支,24.000,24.000,-,-,-,-,360.0,天津,-,普通,新品,正常,2023-04-24,2024-03-13,2023-04-22,2023-07-22,0.000,0.00,0.00,0.000,32.76%,门店可订,门店可收,门店可退,门店可销售,1.95,2.90,0.00,非促销品,D,D,D,D,0.000,0.000,0.00,-,-,2023-04-22,2023-04-30,2023-05-20,2024-03-13,32.76%
10002,九里新苑店,正常,01,冷冻,0101,冰激凌,010101,冰果类冰淇淋,罗遮,罗遮,2906801,宏宝莱绿豆沙75g,6920858261917,001,冷冻,非新品,当日可订,新品,自营商品,2023-05-22,0.63,1.00,0.63,0.63,0,75g,支,40.000,40.000,-,-,-,-,540.0,天津,-,普通,新品,正常,2023-05-22,2023-08-09,2023-05-22,2023-07-27,0.000,0.00,0.00,0.000,37.50%,门店可订,门店可收,门店可退,门店可销售,0.63,1.00,0.00,非促销品,D,D,D,D,0.000,0.000,0.00,-,-,-,-,-,-,37.00%
10002,九里新苑店,正常,01,冷冻,0101,冰激凌,010101,冰果类冰淇淋,罗遮,罗遮,2906875,京德福冰鲜杨梅80g,6970789609999,001,冷冻,非新品,当日可订,新品,自营商品,2023-06-16,0.67,2.00,0.67,0.67,0,80g,包,25.000,25.000,-,-,-,-,540.0,福建,-,普通,新品,正常,2023-06-21,2023-08-10,2023-06-20,2023-06-20,0.000,0.00,0.00,0.000,66.50%,门店可订,门店可收,门店可退,门店可销售,0.67,2.00,0.00,非促销品,D,D,D,D,0.000,0.000,0.00,-,-,-,-,-,-,66.50%
10002,九里新苑店,正常,01,冷冻,0101,冰激凌,010101,冰果类冰淇淋,罗遮,罗遮,2907587,伊利老冰棍棒冰70g,6907992824338,001,冷冻,非新品,当日可订,新品,自营商品,2024-03-17,0.50,0.80,0.64,0.50,0,70g,支,50.000,50.000,-,-,-,-,1000.0,安徽,-,普通,新品,正常,2024-03-21,2024-06-21,2024-03-19,2024-06-08,0.000,0.00,0.00,0.000,20.00%,门店可订,门店可收,门店可退,门店可销售,0.50,0.80,0.00,非促销品,D,D,D,D,0.000,0.000,0.00,-,-,-,-,-,-,37.50%
10002,九里新苑店,正常,01,冷冻,0101,冰激凌,010101,冰果类冰淇淋,罗遮,罗遮,2907589,家宁葡萄冰丸子80g,6972880636010,001,冷冻,非新品,当日可订,新品,自营商品,2024-03-17,0.60,0.90,0.60,0.60,0,80g,支,120.000,120.000,-,-,-,-,1000.0,江苏,-,普通,新品,正常,2024-03-21,2024-06-13,2024-03-19,2024-06-08,0.000,0.00,0.00,0.000,33.33%,门店可订,门店可收,门店可退,门店可销售,0.60,0.90,0.00,非促销品,D,D,D,D,0.000,0.000,0.00,-,-,-,-,-,-,33.33%
10002,九里新苑店,正常,01,冷冻,0101,冰激凌,010101,冰果类冰淇淋,罗遮,罗遮,2907591,袁龙纷享杯70g,6973032120043,001,冷冻,非新品,当日可订,新品,自营商品,2024-03-17,0.60,1.00,0.60,0.60,0,70g,杯,24.000,24.000,-,-,-,-,1000.0,江苏,-,普通,新品,正常,2024-03-21,2024-04-23,2024-03-19,2024-03-19,0.000,0.00,0.00,0.000,40.00%,门店可订,门店可收,门店可退,门店可销售,0.60,1.00,0.00,非促销品,D,D,D,D,0.000,0.000,0.00,-,-,-,-,-,-,40.00%
10002,九里新苑店,正常,01,冷冻,0101,冰激凌,010101,冰果类冰淇淋,罗遮,罗遮,2907594,家宁芒果口味冰棍65g,6972880630049,001,冷冻,非新品,当日可订,新品,自营商品,2024-03-17,0.65,1.00,0.60,0.65,0,65g,支,40.000,40.000,-,-,-,-,1000.0,江苏,-,普通,新品,正常,2024-03-22,2024-06-12,2024-03-19,2024-05-10,0.000,0.00,0.00,0.000,40.00%,门店可订,门店可收,门店可退,门店可销售,0.65,1.00,0.00,非促销品,D,D,D,D,0.000,0.000,0.00,-,-,-,-,-,-,35.00%
10002,九里新苑店,正常,01,冷冻,0101,冰激凌,010101,冰果类冰淇淋,罗遮,罗遮,2907605,木伦河完美3+2__100g,6970835581026,001,冷冻,非新品,当日可订,新品,自营商品,2024-03-17,1.25,2.00,1.46,1.25,0,100g,杯,24.000,24.000,-,-,-,-,1000.0,江苏,-,普通,新品,正常,2024-03-19,2024-06-12,2024-03-19,2024-06-08,0.000,0.00,0.00,0.000,27.10%,门店可订,门店可收,门店可退,门店可销售,1.25,2.00,0.00,非促销品,D,D,D,D,0.000,0.000,0.00,-,-,-,-,-,-,37.50%
10002,九里新苑店,正常,01,冷冻,0101,冰激凌,010101,冰果类冰淇淋,罗遮,罗遮,2907808,蒙牛豆意炼乳绿豆雪糕73g,6923644274344,001,冷冻,非新品,当日可订,新品,自营商品,2024-05-01,2.67,3.90,2.67,2.67,0,73g,支,30.000,30.000,-,-,-,-,540.0,安徽,-,普通,新品,正常,2024-05-06,2024-07-04,2024-05-09,2024-06-08,0.000,0.00,0.00,0.000,31.54%,门店可订,门店可收,门店可退,门店可销售,2.67,3.90,0.00,非促销品,D,D,D,D,0.000,0.000,0.00,-,-,-,-,-,-,31.54%
10002,九里新苑店,正常,01,冷冻,0101,冰激凌,010101,冰果类冰淇淋,罗遮,罗遮,2907813,家宁白桃冰丸子80g,6972880636003,001,冷冻,非新品,当日可订,新品,自营商品,2024-05-01,0.60,1.50,0.60,0.60,0,80g,支,30.000,30.000,-,-,-,-,540.0,河南,-,普通,新品,正常,2024-05-07,2024-06-15,2024-05-09,2024-06-08,0.000,0.00,0.00,0.000,60.00%,门店可订,门店可收,门店可退,门店可销售,0.60,1.50,0.00,非促销品,D,D,D,D,0.000,0.000,0.00,-,-,-,-,-,-,60.00%
10002,九里新苑店,正常,01,冷冻,0101,冰激凌,010101,冰果类冰淇淋,罗遮,罗遮,2907881,和露雪鸭屎柠檬汁棒冰60g,6909493104254,001,冷冻,非新品,当日可订,新品,自营商品,2024-06-01,1.80,2.90,1.80,1.80,0,60g,支,20.000,20.000,-,-,-,-,540.0,江苏,-,普通,新品,正常,2024-06-01,2024-08-26,2024-06-01,2024-07-30,0.000,0.00,0.00,0.000,37.93%,门店可订,门店可收,门店可退,门店可销售,1.80,2.90,0.00,非促销品,D,D,D,D,0.000,0.000,0.00,-,-,2024-06-01,2024-06-08,2024-06-01,2024-08-26,37.93%
10002,九里新苑店,正常,01,冷冻,0101,冰激凌,010101,冰果类冰淇淋,罗遮,罗遮,2907882,佑康血糯米雪糕72g,6944349212660,001,冷冻,非新品,当日可订,新品,自营商品,2024-06-01,1.80,2.90,1.80,1.80,0,72g,支,25.000,25.000,-,-,-,-,540.0,浙江,-,普通,新品,正常,2024-06-01,2024-10-23,2024-06-01,2024-06-25,0.000,0.00,0.00,0.000,37.93%,门店可订,门店可收,门店可退,门店可销售,1.80,2.90,0.00,非促销品,D,D,D,D,0.000,0.000,0.00,-,-,2024-06-01,2024-06-18,2024-06-01,2024-09-28,37.93%
10002,九里新苑店,正常,01,冷冻,0101,冰激凌,010101,冰果类冰淇淋,罗遮,罗遮,2907883,晓德冰杯160g,6930852906080,001,冷冻,非新品,当日可订,新品,自营商品,2024-06-01,2.00,3.50,2.00,2.00,0,160g,盒,24.000,24.000,-,-,-,-,365.0,上海,-,普通,新品,正常,2024-06-01,2025-02-24,2024-06-01,2024-07-30,0.000,0.00,0.00,0.000,42.86%,门店可订,门店可收,门店可退,门店可销售,2.00,3.50,0.00,非促销品,D,D,D,D,0.000,0.000,0.00,-,-,2024-06-01,2024-06-01,2024-06-22,2024-08-11,42.86%
10002,九里新苑店,正常,01,冷冻,0101,冰激凌,010101,冰果类冰淇淋,罗遮,罗遮,2907884,鑫北阿克秋莎优品牛奶80g,6935375601559,001,冷冻,非新品,当日可订,新品,自营商品,2024-06-01,2.38,3.80,2.38,2.38,0,80g,支,32.000,32.000,-,-,-,-,540.0,黑龙江,-,普通,新品,正常,2024-06-01,2024-10-16,2024-06-01,2024-06-02,0.000,0.00,0.00,0.000,37.37%,门店可订,门店可收,门店可退,门店可销售,2.38,3.80,0.00,非促销品,D,D,D,D,0.000,0.000,0.00,-,-,2024-06-01,2024-06-04,2024-06-01,2024-09-01,37.37%
10002,九里新苑店,正常,01,冷冻,0101,冰激凌,010101,冰果类冰淇淋,罗遮,罗遮,2907885,鑫北流心巧克力70g,6935375601306,001,冷冻,非新品,当日可订,新品,自营商品,2024-06-01,2.38,3.80,2.38,2.38,0,70g,支,32.000,32.000,-,-,-,-,540.0,黑龙江,-,普通,新品,正常,2024-06-01,2025-07-27,2024-06-01,2024-07-30,0.000,0.00,0.00,0.000,37.37%,门店可订,门店可收,门店可退,门店可销售,2.38,3.80,0.00,非促销品,D,D,D,D,0.000,0.000,0.00,-,-,2024-06-01,2024-06-04,2024-06-01,2024-09-01,37.37%
10002,九里新苑店,正常,01,冷冻,0101,冰激凌,010101,冰果类冰淇淋,罗遮,罗遮,2907886,伊利甄稀荔枝茉莉流芯冰淇淋70g,6907992826646,001,冷冻,非新品,当日可订,新品,自营商品,2024-06-01,2.80,4.50,2.80,2.80,0,70g,支,35.000,35.000,-,-,-,-,540.0,内蒙古,-,普通,新品,正常,2024-06-01,2024-10-03,2024-06-01,2024-07-30,0.000,0.00,0.00,0.000,37.78%,门店可订,门店可收,门店可退,门店可销售,2.80,4.50,0.00,非促销品,D,D,D,D,0.000,0.000,0.00,-,-,2024-06-01,2024-06-06,2024-06-22,2024-09-17,37.78%
10002,九里新苑店,正常,01,冷冻,0101,冰激凌,010101,冰果类冰淇淋,罗遮,罗遮,2907887,蒙牛冰+勇闯天涯啤酒冰淇淋75g,6923644246426,001,冷冻,非新品,当日可订,新品,自营商品,2024-06-01,2.93,4.50,2.93,2.93,0,75g,支,30.000,30.000,D,D,D,D,540.0,内蒙古,-,普通,新品,正常,2024-06-01,2024-10-02,2024-06-01,2024-07-30,0.000,0.00,1.00,2.930,34.89%,门店可订,门店可收,门店可退,门店可销售,2.93,4.50,0.00,非促销品,D,D,D,D,0.000,0.000,0.00,-,-,2024-06-01,2024-06-04,2024-06-01,2024-09-10,34.89%
10002,九里新苑店,正常,01,冷冻,0101,冰激凌,010101,冰果类冰淇淋,罗遮,罗遮,2907888,祐康至尊新地杯（香草巧克力）135g,6944349211588,001,冷冻,非新品,当日可订,新品,自营商品,2024-06-01,3.50,5.50,3.50,3.50,0,135g,盒,12.000,12.000,-,-,-,-,540.0,杭州,-,普通,新品,正常,2024-06-01,2024-09-25,2024-06-01,2024-07-30,0.000,0.00,0.00,0.000,36.36%,门店可订,门店可收,门店可退,门店可销售,3.50,5.50,0.00,非促销品,D,D,D,D,0.000,0.000,0.00,-,-,2024-06-01,2024-06-01,2024-07-12,2024-08-13,36.36%
10002,九里新苑店,正常,01,冷冻,0101,冰激凌,010101,冰果类冰淇淋,罗遮,罗遮,2907890,德芙草莓味巧克力冰淇淋50g,6923450611906,001,冷冻,非新品,当日可订,新品,自营商品,2024-06-01,9.80,7.07,7.07,9.80,0,50g,支,28.000,28.000,-,-,-,-,730.0,广州,-,普通,新品,正常,2024-06-01,2025-04-22,2024-06-01,2024-07-30,0.000,0.00,0.00,0.000,0.00%,门店可订,门店可收,门店可退,门店可销售,9.80,9.80,0.00,非促销品,D,D,D,D,0.000,0.000,0.00,-,-,2024-06-01,2024-06-07,2024-06-01,2024-10-09,0.00%
10002,九里新苑店,正常,01,冷冻,0101,冰激凌,010101,冰果类冰淇淋,罗遮,罗遮,2908110,组合测试,29081103,001,冷冻,非新品,当日可订,新品,自营商品,2024-09-02,2.30,7.60,2.30,2.30,未知,120,25kg,5.000,1.000,-,-,-,-,15.0,白酒,-,组合商品,新品,正常,-,-,-,-,0.000,0.00,0.00,0.000,69.74%,门店可订,门店可收,门店可退,门店可销售,2.30,7.60,0.00,非促销品,D,D,D,D,0.000,0.000,0.00,-,-,-,-,-,-,69.74%
10002,九里新苑店,正常,01,冷冻,0101,冰激凌,010101,冰果类冰淇淋,罗遮,罗遮,2909953,宏宝莱凉橙冰沙72g,6920858260019,001,冷冻,非新品,当日可订,新品,自营商品,2025-07-14,0.88,1.50,0.88,0.88,0,78g,支,40.000,40.000,-,-,-,-,540.0,江苏,-,普通,新品,正常,2025-07-14,2025-09-16,2025-07-15,2025-08-08,0.000,0.00,0.00,0.000,41.67%,门店可订,门店可收,门店可退,门店可销售,0.88,1.50,0.00,非促销品,D,D,D,D,0.000,0.000,0.00,-,-,2025-07-19,2025-07-19,2025-08-08,2025-09-16,41.33%
10002,九里新苑店,正常,01,冷冻,0101,冰激凌,010101,冰果类冰淇淋,罗遮,罗遮,2909954,蒙牛冰+葡萄酸奶味75g,6923644246259,001,冷冻,非新品,当日可订,新品,自营商品,2025-07-14,1.38,2.00,1.38,1.38,0,75g,支,40.000,40.000,-,-,-,-,540.0,河南,-,普通,新品,正常,2025-07-15,2025-09-20,2025-07-15,2025-08-08,0.000,0.00,0.00,0.000,31.25%,门店可订,门店可收,门店可退,门店可销售,1.38,2.00,0.00,非促销品,D,D,D,D,0.000,0.000,0.00,-,-,2025-07-19,-,2025-07-19,-,31.00%
10002,九里新苑店,正常,01,冷冻,0101,冰激凌,010101,冰果类冰淇淋,罗遮,罗遮,2911318,C-农夫山泉冰杯160g,6921168599332,001,冷冻,非新品,当日可订,新品,自营商品,2026-04-01,1.79,2.50,1.79,1.79,农夫,160g,杯,24.000,24.000,B,B,B,B,365.0,浙江,-,普通,新品,正常,2026-04-02,2026-05-23,2026-04-02,2026-05-04,0.000,0.00,11.00,19.690,28.40%,门店可订,门店可收,门店可退,门店可销售,1.79,2.50,0.00,非促销品,B,B,B,B,0.821,11.000,19.69,-,-,2026-04-02,2026-04-06,2026-05-04,2026-05-16,28.40%
10002,九里新苑店,正常,01,冷冻,0101,冰激凌,010101,冰果类冰淇淋,罗遮,罗遮,2911378,【新】C-蒙牛冰+整支树莓雪泥75g,6923644255398,001,冷冻,新品,当日可订,新品,自营商品,2026-05-03,1.55,2.50,1.55,1.55,蒙牛,75g,支,40.000,40.000,B,B,A,B,540.0,安徽,-,普通,新品,正常,2026-05-04,2026-05-24,2026-05-04,2026-05-04,0.000,0.00,16.00,24.800,38.00%,门店可订,门店可收,门店可退,门店可销售,1.55,2.50,0.00,非促销品,B,B,B,B,1.190,15.000,23.25,-,-,2026-05-04,2026-05-04,2026-05-04,2026-05-24,38.00%
10002,九里新苑店,正常,01,冷冻,0101,冰激凌,010102,普通冰淇淋,罗遮,罗遮,2010089,D系统用代表商品,201008901,001,冷冻,非新品,当日可订,新品,自营商品,2020-01-17,0.01,0.01,0.00,0.01,0,1,个,0.000,1.000,-,-,-,-,999.0,0,-,普通,新品,不可订不可进不可退不可销,-,-,-,-,0.000,0.00,0.00,0.000,100.00%,门店可订,门店可收,门店可退,门店可销售,0.00,0.01,0.00,非促销品,D,D,D,D,0.000,0.000,0.00,-,-,-,-,-,-,100.00%
10002,九里新苑店,正常,01,冷冻,0101,冰激凌,010102,普通冰淇淋,罗遮,罗遮,2014135,光明莫斯利安酸奶冰淇淋,6922214752435,004,副食冲调,非新品,当日可订,新品,自营商品,2020-01-18,10.00,5.50,4.67,10.00,0,个,个,1.000,1.000,-,-,-,-,1.0,0,-,普通,新品,正常,2020-04-25,2020-04-25,-,-,0.000,0.00,0.00,0.000,15.09%,门店可订,门店可收,门店可退,门店可销售,10.00,5.50,0.00,非促销品,D,D,D,D,0.000,0.000,0.00,-,-,-,-,-,-,-81.82%
10002,九里新苑店,正常,01,冷冻,0101,冰激凌,010102,普通冰淇淋,罗遮,罗遮,2014164,好阿婆纯奶,201416401,001,冷冻,非新品,当日可订,新品,自营商品,2020-01-18,10.00,4.00,2.75,10.00,0,瓶,瓶,1.000,1.000,-,-,-,-,1.0,0,-,普通,新品,正常,2020-02-01,2020-04-05,-,-,0.000,0.00,0.00,0.000,31.25%,门店可订,门店可收,门店可退,门店可销售,10.00,4.00,0.00,非促销品,D,D,D,D,0.000,0.000,0.00,-,-,-,-,-,-,-150.00%
10002,九里新苑店,正常,01,冷冻,0101,冰激凌,010102,普通冰淇淋,罗遮,罗遮,2014165,好阿婆草莓雪糕,6959734501137,001,冷冻,非新品,当日可订,新品,自营商品,2020-01-18,10.00,4.00,2.75,10.00,好阿婆,个,个,1.000,1.000,-,-,-,-,1.0,0,-,普通,新品,正常,2020-01-30,2020-03-07,-,-,0.000,0.00,0.00,0.000,31.25%,门店可订,门店可收,门店可退,门店可销售,10.00,4.00,0.00,非促销品,D,D,D,D,0.000,0.000,0.00,-,-,-,-,-,-,-150.00%
10002,九里新苑店,正常,01,冷冻,0101,冰激凌,010102,普通冰淇淋,罗遮,罗遮,2014166,好阿婆奶酪雪糕,6959734500628,001,冷冻,非新品,当日可订,新品,自营商品,2020-01-18,10.00,4.00,2.75,10.00,好阿婆,个,个,1.000,1.000,-,-,-,-,1.0,0,-,普通,新品,正常,2020-02-26,2020-05-02,-,-,0.000,0.00,0.00,0.000,31.25%,门店可订,门店可收,门店可退,门店可销售,10.00,4.00,0.00,非促销品,D,D,D,D,0.000,0.000,0.00,-,-,-,-,-,-,-150.00%
10002,九里新苑店,正常,01,冷冻,0101,冰激凌,010102,普通冰淇淋,罗遮,罗遮,2014167,好阿婆脆筒香草雪糕,6959734501175,001,冷冻,非新品,当日可订,新品,自营商品,2020-01-18,10.00,4.00,2.75,10.00,好阿婆,个,个,1.000,1.000,-,-,-,-,1.0,0,-,普通,新品,正常,-,-,-,-,0.000,0.00,0.00,0.000,31.25%,门店可订,门店可收,门店可退,门店可销售,10.00,20.80,0.00,非促销品,D,D,D,D,0.000,0.000,0.00,-,-,-,-,-,-,51.92%
10002,九里新苑店,正常,01,冷冻,0101,冰激凌,010102,普通冰淇淋,罗遮,罗遮,2900168,可爱多香芋味76g,6909493401193,001,冷冻,非新品,当日可订,新品,自营商品,2020-03-11,0.01,3.00,0.00,0.01,0,1,支,0.000,1.000,-,-,-,-,365.0,江苏,-,普通,新品,正常,2020-03-12,2021-03-07,2020-11-07,2021-03-05,0.000,0.00,0.00,0.000,100.00%,门店可订,门店可收,门店可退,门店可销售,0.01,3.00,0.00,非促销品,D,D,D,D,0.000,0.000,0.00,-,-,-,-,-,-,99.67%
10002,九里新苑店,正常,01,冷冻,0101,冰激凌,010102,普通冰淇淋,罗遮,罗遮,2900247,天琪奶白兔雪糕68g,6944559301925,001,冷冻,非新品,当日可订,新品,自营商品,2020-03-17,0.01,3.00,1.88,0.01,未知,1,支,1.000,1.000,-,-,-,-,360.0,辽宁,-,普通,新品,正常,2020-03-17,2021-05-06,2020-03-17,2020-06-09,0.000,0.00,0.00,0.000,37.33%,门店可订,门店可收,门店可退,门店可销售,0.01,3.00,0.00,非促销品,D,D,D,D,0.000,0.000,0.00,-,-,2020-03-20,2020-03-18,2020-06-09,2021-05-06,99.67%
10002,九里新苑店,正常,01,冷冻,0101,冰激凌,010102,普通冰淇淋,罗遮,罗遮,2900248,天润黑凤梨味雪糕75g,6944559305527,001,冷冻,非新品,当日可订,新品,自营商品,2020-03-17,0.01,3.00,1.84,0.01,未知,1,支,1.000,1.000,-,-,-,-,360.0,辽宁,-,普通,新品,正常,2020-03-18,2020-05-22,2020-03-17,2020-03-17,0.000,0.00,0.00,0.000,38.67%,门店可订,门店可收,门店可退,门店可销售,0.01,3.00,0.00,非促销品,D,D,D,D,0.000,0.000,0.00,-,-,-,-,-,-,99.67%
10002,九里新苑店,正常,01,冷冻,0101,冰激凌,010102,普通冰淇淋,罗遮,罗遮,2900249,天润老式酸奶70g,6944559301697,001,冷冻,非新品,当日可订,新品,自营商品,2020-03-17,0.01,2.00,1.10,0.01,未知,1,支,1.000,1.000,-,-,-,-,360.0,辽宁,-,普通,新品,正常,2020-03-17,2020-05-08,2020-03-17,2020-03-17,0.000,0.00,0.00,0.000,45.00%,门店可订,门店可收,门店可退,门店可销售,0.01,2.00,0.00,非促销品,D,D,D,D,0.000,0.000,0.00,-,-,-,-,-,-,99.50%
10002,九里新苑店,正常,01,冷冻,0101,冰激凌,010102,普通冰淇淋,罗遮,罗遮,2900250,天凯月半弯香草味简筒90g,6970747540999,001,冷冻,非新品,当日可订,新品,自营商品,2020-03-17,0.01,4.00,2.50,0.01,未知,1,支,1.000,1.000,-,-,-,-,360.0,辽宁,-,普通,新品,正常,2020-03-17,2020-07-19,2020-03-17,2020-06-09,0.000,0.00,0.00,0.000,37.50%,门店可订,门店可收,门店可退,门店可销售,0.01,4.00,0.00,非促销品,D,D,D,D,0.000,0.000,0.00,-,-,2020-04-19,2020-04-19,2020-06-09,2020-04-21,99.75%
10002,九里新苑店,正常,01,冷冻,0101,冰激凌,010102,普通冰淇淋,罗遮,罗遮,2900251,景丽华牛奶红豆味方糕75g,6932006220196,001,冷冻,非新品,当日可订,新品,自营商品,2020-03-17,0.01,3.00,1.83,0.01,未知,1,支,1.000,1.000,-,-,-,-,360.0,辽宁,-,普通,新品,正常,2020-03-17,2020-08-09,2020-03-17,2020-05-01,0.000,0.00,0.00,0.000,39.00%,门店可订,门店可收,门店可退,门店可销售,0.01,3.00,0.00,非促销品,D,D,D,D,0.000,0.000,0.00,-,-,2020-04-19,2020-04-20,2020-04-19,2020-08-09,99.67%
10002,九里新苑店,正常,01,冷冻,0101,冰激凌,010102,普通冰淇淋,罗遮,罗遮,2900252,天琪车厘子味雪糕75g,6970297781187,001,冷冻,非新品,当日可订,新品,自营商品,2020-03-17,0.01,4.00,2.50,0.01,未知,1,支,1.000,1.000,-,-,-,-,360.0,辽宁,-,普通,新品,正常,2020-03-18,2020-08-09,2020-03-17,2020-03-17,0.000,0.00,0.00,0.000,37.50%,门店可订,门店可收,门店可退,门店可销售,0.01,4.00,0.00,非促销品,D,D,D,D,0.000,0.000,0.00,-,-,-,-,-,-,99.75%
10002,九里新苑店,正常,01,冷冻,0101,冰激凌,010102,普通冰淇淋,罗遮,罗遮,2900254,天琪星期8雪糕80g,6926940700647,001,冷冻,非新品,当日可订,新品,自营商品,2020-03-17,0.01,2.00,1.20,0.01,未知,1,支,1.000,1.000,-,-,-,-,360.0,辽宁,-,普通,新品,正常,2020-03-18,2020-07-28,2020-03-17,2020-03-17,0.000,0.00,0.00,0.000,40.00%,门店可订,门店可收,门店可退,门店可销售,0.01,2.00,0.00,非促销品,D,D,D,D,0.000,0.000,0.00,-,-,-,-,-,-,99.50%
10002,九里新苑店,正常,01,冷冻,0101,冰激凌,010102,普通冰淇淋,罗遮,罗遮,2900255,天琪匠心巧仁75g,6970297780333,001,冷冻,非新品,当日可订,新品,自营商品,2020-03-17,0.01,2.00,1.20,0.01,未知,1,支,1.000,1.000,-,-,-,-,360.0,辽宁,-,普通,新品,正常,2020-03-17,2020-09-29,2020-03-17,2020-06-09,0.000,0.00,0.00,0.000,40.00%,门店可订,门店可收,门店可退,门店可销售,0.01,2.00,0.00,非促销品,D,D,D,D,0.000,0.000,0.00,-,-,2020-03-20,2020-03-19,2020-06-09,2020-09-29,99.50%
10002,九里新苑店,正常,01,冷冻,0101,冰激凌,010102,普通冰淇淋,罗遮,罗遮,2900256,天琪金山角牛奶味75g,6926940700258,001,冷冻,非新品,当日可订,新品,自营商品,2020-03-17,0.01,3.90,2.20,0.01,0,1,支,1.000,40.000,-,-,-,-,360.0,辽宁,-,普通,新品,正常,2020-03-18,2024-11-21,2020-03-17,2024-07-25,0.000,0.00,0.00,0.000,43.59%,门店可订,门店可收,门店可退,门店可销售,0.01,3.90,0.00,非促销品,D,D,D,D,0.000,0.000,0.00,-,-,2020-06-09,2023-03-28,2024-05-27,2024-09-04,99.74%
10002,九里新苑店,正常,01,冷冻,0101,冰激凌,010102,普通冰淇淋,罗遮,罗遮,2900257,天琪醇悦草莓味75g,6970297780395,001,冷冻,非新品,当日可订,新品,自营商品,2020-03-17,0.01,4.00,2.50,0.01,未知,1,支,1.000,1.000,-,-,-,-,360.0,辽宁,-,普通,新品,正常,2020-03-17,2020-08-14,2020-03-17,2020-06-09,0.000,0.00,0.00,0.000,37.50%,门店可订,门店可收,门店可退,门店可销售,0.01,4.00,0.00,非促销品,D,D,D,D,0.000,0.000,0.00,-,-,2020-06-09,-,2020-06-09,-,99.75%
10002,九里新苑店,正常,01,冷冻,0101,冰激凌,010102,普通冰淇淋,罗遮,罗遮,2900262,天润蛋黄肉松68g,6944559305275,001,冷冻,非新品,当日可订,新品,自营商品,2020-03-17,0.01,4.00,2.45,0.01,未知,1,支,1.000,1.000,-,-,-,-,360.0,辽宁,-,普通,新品,正常,2020-03-19,2021-05-06,2020-03-20,2020-03-20,0.000,0.00,0.00,0.000,38.75%,门店可订,门店可收,门店可退,门店可销售,0.01,4.00,0.00,非促销品,D,D,D,D,0.000,0.000,0.00,-,-,2020-03-20,2020-03-19,2020-03-20,2021-05-06,99.75%
10002,九里新苑店,正常,01,冷冻,0101,冰激凌,010102,普通冰淇淋,罗遮,罗遮,2900263,天润奶酪蓝莓雪糕75g,6944559305510,001,冷冻,非新品,当日可订,新品,自营商品,2020-03-17,0.01,3.00,1.84,0.01,0,1,支,1.000,1.000,-,-,-,-,360.0,辽宁,-,普通,新品,正常,2020-03-19,2020-07-15,2020-03-20,2020-03-20,0.000,0.00,0.00,0.000,38.67%,门店可订,门店可收,门店可退,门店可销售,0.01,3.00,0.00,非促销品,D,D,D,D,0.000,0.000,0.00,-,-,2020-03-20,2020-03-19,2020-03-20,2020-07-15,99.67%
10002,九里新苑店,正常,01,冷冻,0101,冰激凌,010102,普通冰淇淋,罗遮,罗遮,2900264,天凯金枕榴莲雪糕75g,6970747540531,001,冷冻,非新品,当日可订,新品,自营商品,2020-03-17,0.01,4.00,2.20,0.01,0,1,支,1.000,1.000,-,-,-,-,360.0,辽宁,-,普通,新品,正常,2020-03-19,2020-07-24,2020-03-20,2020-03-20,0.000,0.00,0.00,0.000,45.00%,门店可订,门店可收,门店可退,门店可销售,0.01,4.00,0.00,非促销品,D,D,D,D,0.000,0.000,0.00,-,-,2020-03-20,2020-03-19,2020-03-20,2020-07-24,99.75%
10002,九里新苑店,正常,01,冷冻,0101,冰激凌,010102,普通冰淇淋,罗遮,罗遮,2900265,航丰夹心饭点雪糕75g,6931486702314,001,冷冻,非新品,当日可订,新品,自营商品,2020-03-17,0.01,3.00,1.87,0.01,未知,1,支,1.000,1.000,-,-,-,-,360.0,辽宁,-,普通,新品,正常,2020-03-18,2021-05-14,2020-03-20,2020-03-20,0.000,0.00,0.00,0.000,37.67%,门店可订,门店可收,门店可退,门店可销售,0.01,3.00,0.00,非促销品,D,D,D,D,0.000,0.000,0.00,-,-,2020-03-20,2020-03-18,2020-03-20,2021-05-14,99.67%
10002,九里新苑店,正常,01,冷冻,0101,冰激凌,010102,普通冰淇淋,罗遮,罗遮,2900266,景丽华糯米花生雪糕68g,6932006220097,001,冷冻,非新品,当日可订,新品,自营商品,2020-03-17,0.01,3.00,1.87,0.01,未知,1,支,1.000,1.000,-,-,-,-,360.0,辽宁,-,普通,新品,正常,2020-03-19,2020-09-05,2020-03-20,2020-03-20,0.000,0.00,0.00,0.000,37.67%,门店可订,门店可收,门店可退,门店可销售,0.01,3.00,0.00,非促销品,D,D,D,D,0.000,0.000,0.00,-,-,2020-03-20,2020-03-19,2020-03-20,2020-09-05,99.67%
10002,九里新苑店,正常,01,冷冻,0101,冰激凌,010102,普通冰淇淋,罗遮,罗遮,2900267,天琪尚品芝士雪糕80g,6970297781071,001,冷冻,非新品,当日可订,新品,自营商品,2020-03-17,0.01,4.00,2.50,0.01,未知,1,支,1.000,1.000,-,-,-,-,360.0,辽宁,-,普通,新品,正常,2020-03-18,2020-08-30,2020-03-20,2020-05-20,0.000,0.00,0.00,0.000,37.50%,门店可订,门店可收,门店可退,门店可销售,0.01,4.00,0.00,非促销品,D,D,D,D,0.000,0.000,0.00,-,-,2020-03-20,2020-03-18,2020-03-20,2020-07-23,99.75%
10002,九里新苑店,正常,01,冷冻,0101,冰激凌,010102,普通冰淇淋,罗遮,罗遮,2900268,天琪酸奶火龙果雪糕75g,6970297781248,001,冷冻,非新品,当日可订,新品,自营商品,2020-03-17,0.01,4.00,2.50,0.01,未知,1,支,1.000,1.000,-,-,-,-,360.0,辽宁,-,普通,新品,正常,2020-03-18,2021-05-07,2020-03-20,2020-03-20,0.000,0.00,0.00,0.000,37.50%,门店可订,门店可收,门店可退,门店可销售,0.01,4.00,0.00,非促销品,D,D,D,D,0.000,0.000,0.00,-,-,2020-03-20,2020-03-18,2020-03-20,2021-05-07,99.75%
10002,九里新苑店,正常,01,冷冻,0101,冰激凌,010102,普通冰淇淋,罗遮,罗遮,2900269,天琪草莓雪糕50g,6970297781156,001,冷冻,非新品,当日可订,新品,自营商品,2020-03-17,0.01,2.00,1.20,0.01,未知,1,支,1.000,1.000,-,-,-,-,360.0,辽宁,-,普通,新品,正常,2020-03-18,2020-08-01,2020-03-20,2020-04-02,0.000,0.00,0.00,0.000,40.00%,门店可订,门店可收,门店可退,门店可销售,0.01,2.00,0.00,非促销品,D,D,D,D,0.000,0.000,0.00,-,-,2020-03-20,2020-03-18,2020-03-20,2020-08-01,99.50%
10002,九里新苑店,正常,01,冷冻,0101,冰激凌,010102,普通冰淇淋,罗遮,罗遮,2900270,天琪珍珠奶茶雪糕75g,6970297781040,001,冷冻,非新品,当日可订,新品,自营商品,2020-03-17,0.01,2.00,1.10,0.01,未知,1,支,1.000,1.000,-,-,-,-,360.0,辽宁,-,普通,新品,正常,2020-03-20,2021-05-17,2020-03-20,2020-04-19,0.000,0.00,0.00,0.000,45.00%,门店可订,门店可收,门店可退,门店可销售,0.01,2.00,0.00,非促销品,D,D,D,D,0.000,0.000,0.00,-,-,2020-03-20,2020-03-20,2020-04-19,2021-05-17,99.50%
10002,九里新苑店,正常,01,冷冻,0101,冰激凌,010102,普通冰淇淋,罗遮,罗遮,2901220,天润老式雪糕70g,6944559301536,001,冷冻,非新品,当日可订,新品,自营商品,2020-03-18,0.01,2.00,1.10,0.01,0,70,个,1.000,1.000,-,-,-,-,545.0,徐州,-,普通,新品,正常,2020-03-18,2020-09-07,2020-03-20,2020-03-20,0.000,0.00,0.00,0.000,45.00%,门店可订,门店可收,门店可退,门店可销售,0.01,2.00,0.00,非促销品,D,D,D,D,0.000,0.000,0.00,-,-,2020-03-20,2020-03-18,2020-03-20,2020-09-07,99.50%
10002,九里新苑店,正常,01,冷冻,0101,冰激凌,010102,普通冰淇淋,罗遮,罗遮,2901330,蒙牛火炬香草咖啡味80g,6923644283520,001,冷冻,非新品,当日可订,新品,自营商品,2020-03-19,0.01,2.80,1.84,0.01,0,80,个,30.000,30.000,D,D,D,D,545.0,安徽马鞍山,-,普通,新品,正常,2020-03-21,2025-09-01,2020-03-20,2025-08-08,0.000,0.00,16.00,29.440,34.29%,门店可订,门店可收,门店可退,门店可销售,0.01,2.80,0.00,非促销品,D,D,D,D,0.000,0.000,0.00,-,-,2020-03-20,2020-03-21,2025-08-08,2025-08-25,99.64%
10002,九里新苑店,正常,01,冷冻,0101,冰激凌,010102,普通冰淇淋,罗遮,罗遮,2901331,蒙牛俄式奶纯冰淇淋75g,6923644283261,001,冷冻,非新品,当日可订,新品,自营商品,2020-03-19,0.01,3.80,0.00,0.01,0,75g,支,0.000,30.000,-,-,-,-,545.0,安徽马鞍山,-,普通,新品,正常,2020-03-20,2024-09-05,2020-03-20,2024-07-09,0.000,0.00,0.00,0.000,100.00%,门店可订,门店可收,门店可退,门店可销售,0.01,3.80,0.00,非促销品,D,D,D,D,0.000,0.000,0.00,-,-,2020-03-20,2020-03-20,2024-04-13,2024-09-04,99.74%
10002,九里新苑店,正常,01,冷冻,0101,冰激凌,010102,普通冰淇淋,罗遮,罗遮,2901332,C-蒙牛三色杯95g,6923644284305,001,冷冻,非新品,当日可订,新品,自营商品,2020-03-19,0.01,2.80,2.04,0.01,0,95,个,27.000,27.000,B,B,B,B,545.0,安徽马鞍山,-,普通,新品,正常,2020-03-21,2026-05-24,2020-03-20,2026-04-30,0.000,0.00,87.00,159.292,27.14%,门店可订,门店可收,门店可退,门店可销售,0.01,2.80,0.00,非促销品,B,B,B,B,0.571,15.000,30.60,-,-,2020-03-20,2020-03-21,2026-04-13,2026-05-24,99.64%
10002,九里新苑店,正常,01,冷冻,0101,冰激凌,010102,普通冰淇淋,罗遮,罗遮,2901333,C-蒙牛绿色心情无蔗糖65g,6923644266257,001,冷冻,非新品,当日可订,新品,自营商品,2020-03-19,0.01,2.00,1.65,0.01,0,70g,支,30.000,40.000,A,B,A,B,550.0,安徽马鞍山,-,普通,新品,正常,2020-03-21,2026-05-24,2020-03-20,2026-04-22,0.000,0.00,32.00,52.800,17.50%,门店可订,门店可收,门店可退,门店可销售,0.01,2.50,0.00,非促销品,A,B,A,B,1.750,6.000,9.90,-,-,2020-03-20,2020-03-23,2026-04-22,2026-05-17,99.60%
10002,九里新苑店,正常,01,冷冻,0101,冰激凌,010102,普通冰淇淋,罗遮,罗遮,2901334,蒙牛玉米棒65g,6923644250751,001,冷冻,非新品,当日可订,新品,自营商品,2020-03-19,0.01,2.00,1.00,0.01,0,65,支,1.000,40.000,D,D,D,D,550.0,安徽马鞍山,-,普通,新品,正常,2020-03-20,2026-02-22,2020-03-20,2025-07-21,0.000,0.00,25.00,23.750,50.00%,门店可订,门店可收,门店可退,门店可销售,0.01,2.00,0.00,非促销品,D,D,D,D,0.000,0.000,0.00,-,-,2020-03-20,2020-03-20,2025-07-15,2025-09-12,99.50%
10002,九里新苑店,正常,01,冷冻,0101,冰激凌,010102,普通冰淇淋,罗遮,罗遮,2901335,蒂兰圣雪黑凤梨果肉冰淇淋75g,6923644299330,001,冷冻,非新品,当日可订,新品,自营商品,2020-03-19,0.01,5.00,3.30,0.01,0,75,支,1.000,1.000,-,-,-,-,550.0,安徽马鞍山,-,普通,新品,正常,2020-03-21,2021-04-02,2020-03-20,2020-09-19,0.000,0.00,0.00,0.000,34.00%,门店可订,门店可收,门店可退,门店可销售,0.01,5.00,0.00,非促销品,D,D,D,D,0.000,0.000,0.00,-,-,2020-03-20,2020-03-23,2020-03-20,2020-06-30,99.80%
10002,九里新苑店,正常,01,冷冻,0101,冰激凌,010102,普通冰淇淋,罗遮,罗遮,2901336,蒙牛绿色心情抹茶芝士雪糕70g,6923644296667,001,冷冻,非新品,当日可订,新品,自营商品,2020-03-19,0.01,5.00,3.30,0.01,0,70,支,1.000,1.000,-,-,-,-,550.0,安徽马鞍山,-,普通,新品,正常,2020-03-21,2020-09-03,2020-03-20,2020-03-23,0.000,0.00,0.00,0.000,34.00%,门店可订,门店可收,门店可退,门店可销售,0.01,5.00,0.00,非促销品,D,D,D,D,0.000,0.000,0.00,-,-,2020-03-20,2020-04-04,2020-03-20,2020-09-03,99.80%
10002,九里新苑店,正常,01,冷冻,0101,冰激凌,010102,普通冰淇淋,罗遮,罗遮,2901337,蒙牛绿色心情珍珠红茶口味雪糕70g,6923644296650,001,冷冻,非新品,当日可订,新品,自营商品,2020-03-19,0.01,5.00,3.30,0.01,0,70,支,1.000,1.000,-,-,-,-,550.0,安徽马鞍山,-,普通,新品,正常,2020-03-21,2020-09-02,2020-03-20,2020-03-23,0.000,0.00,0.00,0.000,34.00%,门店可订,门店可收,门店可退,门店可销售,0.01,5.00,0.00,非促销品,D,D,D,D,0.000,0.000,0.00,-,-,2020-03-20,2020-04-08,2020-03-20,2020-09-02,99.80%
10002,九里新苑店,正常,01,冷冻,0101,冰激凌,010102,普通冰淇淋,罗遮,罗遮,2901338,蒙牛冰+夏日对对碰雪糕75g,6923644296612,001,冷冻,非新品,当日可订,新品,自营商品,2020-03-19,0.01,3.00,2.00,0.01,0,75,支,1.000,1.000,-,-,-,-,550.0,安徽马鞍山,-,普通,新品,正常,2020-03-21,2020-09-04,2020-03-20,2020-08-14,0.000,0.00,0.00,0.000,33.33%,门店可订,门店可收,门店可退,门店可销售,0.01,3.00,0.00,非促销品,D,D,D,D,0.000,0.000,0.00,-,-,2020-03-20,2020-03-21,2020-06-17,2020-08-21,99.67%
10002,九里新苑店,正常,01,冷冻,0101,冰激凌,010102,普通冰淇淋,罗遮,罗遮,2901339,蒙牛大牛奶巧克力雪糕65g,6923644287818,001,冷冻,非新品,当日可订,新品,自营商品,2020-03-19,0.01,3.00,2.00,0.01,0,65,支,1.000,1.000,-,-,-,-,550.0,安徽马鞍山,-,普通,新品,正常,2020-03-20,2020-09-16,2020-03-20,2020-09-10,0.000,0.00,0.00,0.000,33.33%,门店可订,门店可收,门店可退,门店可销售,0.01,3.00,0.00,非促销品,D,D,D,D,0.000,0.000,0.00,-,-,2020-03-20,2020-03-20,2020-03-20,2020-08-01,99.67%
10002,九里新苑店,正常,01,冷冻,0101,冰激凌,010102,普通冰淇淋,罗遮,罗遮,2901340,蒙牛牛油果巧克力雪糕75g,6923644287788,001,冷冻,非新品,当日可订,新品,自营商品,2020-03-19,0.01,3.00,2.00,0.01,0,75,支,1.000,1.000,-,-,-,-,550.0,安徽马鞍山,-,普通,新品,正常,2020-03-21,2020-09-01,2020-03-20,2020-07-15,0.000,0.00,0.00,0.000,33.33%,门店可订,门店可收,门店可退,门店可销售,0.01,3.00,0.00,非促销品,D,D,D,D,0.000,0.000,0.00,-,-,2020-03-20,2020-03-21,2020-07-15,2020-09-01,99.67%
10002,九里新苑店,正常,01,冷冻,0101,冰激凌,010102,普通冰淇淋,罗遮,罗遮,2901342,随变随芯果_蓝莓橙子味75g,6923644282264,001,冷冻,非新品,当日可订,新品,自营商品,2020-03-19,0.01,3.50,2.50,0.01,0,75,支,1.000,1.000,-,-,-,-,550.0,安徽马鞍山,-,普通,新品,正常,2020-03-21,2022-08-08,2020-03-20,2020-09-10,0.000,0.00,0.00,0.000,28.57%,门店可订,门店可收,门店可退,门店可销售,0.01,3.50,0.00,非促销品,D,D,D,D,0.000,0.000,0.00,-,-,2020-03-20,2020-03-21,2020-04-29,2020-08-31,99.71%
10002,九里新苑店,正常,01,冷冻,0101,冰激凌,010102,普通冰淇淋,罗遮,罗遮,2901343,伊利巧丝绒冰淇淋70g,6907992823331,001,冷冻,非新品,当日可订,新品,自营商品,2020-03-19,0.01,3.90,2.43,0.01,0,70,支,35.000,35.000,D,D,D,D,550.0,安徽马鞍山,-,普通,新品,正常,2020-03-21,2025-09-02,2020-03-20,2025-07-31,0.000,0.00,25.00,60.750,37.69%,门店可订,门店可收,门店可退,门店可销售,0.01,3.50,0.00,非促销品,D,D,D,D,0.000,0.000,0.00,-,-,2020-03-20,2020-03-21,2025-07-19,2025-08-16,99.71%
10002,九里新苑店,正常,01,冷冻,0101,冰激凌,010102,普通冰淇淋,罗遮,罗遮,2901344,伊利巧乐兹脆筒海盐柠檬85g,6907992824147,001,冷冻,非新品,当日可订,新品,自营商品,2020-03-19,0.01,5.00,3.50,0.01,0,85,支,1.000,1.000,-,-,-,-,550.0,安徽马鞍山,-,普通,新品,正常,2020-03-21,2020-05-23,2020-03-20,2020-03-23,0.000,0.00,0.00,0.000,30.00%,门店可订,门店可收,门店可退,门店可销售,0.01,5.00,0.00,非促销品,D,D,D,D,0.000,0.000,0.00,-,-,2020-03-20,2020-03-21,2020-03-20,2020-05-23,99.80%
10002,九里新苑店,正常,01,冷冻,0101,冰激凌,010102,普通冰淇淋,罗遮,罗遮,2901345,伊利巧乐兹绮炫波森莓65g,6907992824222,001,冷冻,非新品,当日可订,新品,自营商品,2020-03-19,0.01,10.00,7.00,0.01,0,65,支,1.000,1.000,-,-,-,-,550.0,安徽马鞍山,-,普通,新品,正常,2020-03-21,2020-07-16,2020-03-20,2020-03-23,0.000,0.00,0.00,0.000,30.00%,门店可订,门店可收,门店可退,门店可销售,0.01,10.00,0.00,非促销品,D,D,D,D,0.000,0.000,0.00,-,-,2020-03-20,2020-03-22,2020-03-20,2020-06-03,99.90%
10002,九里新苑店,正常,01,冷冻,0101,冰激凌,010102,普通冰淇淋,罗遮,罗遮,2901346,伊利甄稀切达奶酪味70g,6907992824192,001,冷冻,非新品,当日可订,新品,自营商品,2020-03-19,0.01,5.00,0.00,0.01,0,70,支,0.000,30.000,-,-,-,-,550.0,安徽马鞍山,-,普通,新品,正常,2020-03-22,2024-02-15,2020-03-20,2023-08-21,0.000,0.00,0.00,0.000,100.00%,门店可订,门店可收,门店可退,门店可销售,0.01,3.90,0.00,非促销品,D,D,D,D,0.000,0.000,0.00,-,-,2020-03-20,2020-03-22,2023-08-19,2024-02-15,99.74%
10002,九里新苑店,正常,01,冷冻,0101,冰激凌,010102,普通冰淇淋,罗遮,罗遮,2901347,伊利甄稀果黑巧克力冰淇淋90g,6907992824178,001,冷冻,非新品,当日可订,新品,自营商品,2020-03-19,0.01,8.50,6.00,0.01,0,90,支,1.000,1.000,-,-,-,-,550.0,安徽合肥,-,普通,新品,正常,2020-03-21,2020-05-19,2020-03-20,2020-03-23,0.000,0.00,0.00,0.000,29.41%,门店可订,门店可收,门店可退,门店可销售,0.01,8.50,0.00,非促销品,D,D,D,D,0.000,0.000,0.00,-,-,2020-03-20,2020-03-21,2020-03-20,2020-05-12,99.88%
10002,九里新苑店,正常,01,冷冻,0101,冰激凌,010102,普通冰淇淋,罗遮,罗遮,2901647,天淇麦乐脆雪糕,6926940700487,001,冷冻,非新品,当日可订,新品,自营商品,2020-04-02,0.01,2.00,1.20,0.01,0,1,个,1.000,1.000,-,-,-,-,365.0,江苏,-,普通,新品,正常,2020-04-02,2020-09-19,2020-04-02,2020-04-19,0.000,0.00,0.00,0.000,40.00%,门店可订,门店可收,门店可退,门店可销售,0.01,2.00,0.00,非促销品,D,D,D,D,0.000,0.000,0.00,-,-,2020-04-19,2020-04-21,2020-04-19,2020-09-19,99.50%
10002,九里新苑店,正常,01,冷冻,0101,冰激凌,010102,普通冰淇淋,罗遮,罗遮,2901648,天淇东北棍,6970297780203,001,冷冻,非新品,当日可订,新品,自营商品,2020-04-02,0.01,1.00,0.60,0.01,0,1,个,1.000,1.000,-,-,-,-,365.0,江苏,-,普通,新品,正常,2020-04-16,2020-05-20,2020-04-16,2020-04-16,0.000,0.00,0.00,0.000,40.00%,门店可订,门店可收,门店可退,门店可销售,0.01,1.00,0.00,非促销品,D,D,D,D,0.000,0.000,0.00,-,-,-,-,-,-,99.00%
10002,九里新苑店,正常,01,冷冻,0101,冰激凌,010102,普通冰淇淋,罗遮,罗遮,2901649,天淇牛奶筒雪糕,6970297781149,001,冷冻,非新品,当日可订,新品,自营商品,2020-04-02,0.01,2.00,1.20,0.01,0,1,个,1.000,1.000,-,-,-,-,365.0,江苏,-,普通,新品,正常,2020-04-03,2020-05-22,2020-04-02,2020-04-02,0.000,0.00,0.00,0.000,40.00%,门店可订,门店可收,门店可退,门店可销售,0.01,2.00,0.00,非促销品,D,D,D,D,0.000,0.000,0.00,-,-,-,-,-,-,99.50%
10002,九里新苑店,正常,01,冷冻,0101,冰激凌,010102,普通冰淇淋,罗遮,罗遮,2901650,天淇摩卡雪糕,6970297781279,001,冷冻,非新品,当日可订,新品,自营商品,2020-04-02,0.01,2.00,1.10,0.01,0,1,个,1.000,1.000,-,-,-,-,365.0,江苏,-,普通,新品,正常,2020-04-04,2021-02-24,2020-04-02,2020-06-09,0.000,0.00,0.00,0.000,45.00%,门店可订,门店可收,门店可退,门店可销售,0.01,2.00,0.00,非促销品,D,D,D,D,0.000,0.000,0.00,-,-,2020-06-09,-,2020-06-09,-,99.50%
10002,九里新苑店,正常,01,冷冻,0101,冰激凌,010102,普通冰淇淋,罗遮,罗遮,2901651,天淇意品雪派冰淇淋198g,6970297780364,001,冷冻,非新品,当日可订,新品,自营商品,2020-04-02,0.01,8.50,7.67,0.01,0,1,个,1.000,15.000,-,-,-,-,365.0,江苏,-,普通,新品,正常,2020-04-04,2024-10-01,2020-04-02,2024-08-01,0.000,0.00,0.00,0.000,9.76%,门店可订,门店可收,门店可退,门店可销售,0.01,8.50,0.00,非促销品,D,D,D,D,0.000,0.000,0.00,-,-,2020-06-09,2023-03-27,2024-07-30,2024-09-27,99.88%
10002,九里新苑店,正常,01,冷冻,0101,冰激凌,010102,普通冰淇淋,罗遮,罗遮,2902069,东北乱炖海苔地道雪糕80g,6931486702512,001,冷冻,非新品,当日可订,新品,自营商品,2020-04-19,0.01,5.00,3.39,0.01,0,80g,个,1.000,1.000,-,-,-,-,540.0,江苏,-,普通,新品,正常,2020-05-06,2021-04-28,2020-04-19,2020-04-19,0.000,0.00,0.00,0.000,32.14%,门店可订,门店可收,门店可退,门店可销售,0.01,5.00,0.00,非促销品,D,D,D,D,0.000,0.000,0.00,-,-,2020-04-19,2020-05-06,2020-04-19,2021-04-28,99.80%
10002,九里新苑店,正常,01,冷冻,0101,冰激凌,010102,普通冰淇淋,罗遮,罗遮,2902140,C-可爱多香草味甜筒67g,6909493400141,001,冷冻,非新品,当日可订,新品,自营商品,2020-04-26,0.01,4.50,3.13,0.01,0,67g,支,24.000,24.000,B,B,B,B,720.0,江苏,-,普通,新品,正常,2020-04-26,2026-05-24,2020-04-26,2026-04-22,0.000,0.00,46.00,143.980,30.44%,门店可订,门店可收,门店可退,门店可销售,0.01,3.90,0.00,非促销品,B,B,B,B,0.607,7.000,21.91,-,-,2020-04-29,2020-04-29,2026-04-22,2026-05-24,99.74%
10002,九里新苑店,正常,01,冷冻,0101,冰激凌,010102,普通冰淇淋,罗遮,罗遮,2902141,C-可爱多草莓味甜筒67g,6909493400998,001,冷冻,非新品,当日可订,新品,自营商品,2020-04-26,0.01,4.50,3.13,0.01,0,67g,支,24.000,24.000,B,B,B,B,720.0,江苏,-,普通,新品,正常,2020-04-26,2026-05-23,2020-04-26,2026-05-04,0.000,0.00,37.00,115.810,30.44%,门店可订,门店可收,门店可退,门店可销售,0.01,3.90,0.00,非促销品,B,B,B,B,0.571,9.000,28.17,-,-,2020-04-29,2020-05-03,2026-04-13,2026-05-16,99.74%